first_name,last_name,
Aleshia,Tomkiewicz,
Evan,Zigomalas,
France,Andrade,
Ulysses,Mcwalters,
Tyisha,Veness,
Eric,Rampy,
Marg,Grasmick,
Laquita,Hisaw,
Lura,Manzella,
Yuette,Klapec,
Fernanda,Writer,
Charlesetta,Erm,
Corrinne,Jaret,
Niesha,Bruch,
Rueben,Gastellum,
Michell,Throssell,
Edgar,Kanne,
Dewitt,Julio,
Charisse,Spinello,
Mee,Lapinski,
Peter,Gutierres,
Octavio,Salvadore,
Martha,Teplica,
Tamesha,Veigel,
Tess,Sitra,
Leonard,Kufner,
Svetlana,Tauras,
Pok,Molaison,
Augustine,Growcock,
Karma,Quarto,
Reed,Weisinger,
German,Zelaya,
Milly,Savidge,
Luis,Ear,
Ciara,Cobbley,
Alethea,Mould,
Margurite,Loperfido,
Vernice,Sperazza,
Vicente,Rawicki,
Craig,Cua,
Jenise,Dulle,
Marylin,Cornelison,
Marget,Gunst,
Annett,Bunselmeyer,
Kip,Turziano,
Melina,Orizabal,
Tina,Clapham,
Luisa,Devereux,
Pedro,Aschoff,
Carrol,Kunimitsu,
Alba,Mosseri,
Domonique,Sandlin,
Rory,Neufville,
Dustin,Klingaman,
Lyndia,Moonshower,
Jules,Hiltner,
Dong,Kopczynski,
Justine,Salta,
Chantay,Kamens,
Tequila,Chisum,
Maybelle,Consolazio,
Margarett,Bairo,
Janessa,Noonon,
Sol,Cowser,
Louann,Smethers,
Lindsay,Yadao,
Malika,Hanton,
Stefany,Ferenz,
Abraham,Cratch,
Giuseppe,Rohaley,
Kiera,Bassil,
Wendell,Rubano,
Stevie,Stifflemire,
Yun,Paletta,
Brittani,Thurm,
Billy,Venus,
Brynn,Elkan,
Elroy,Piehler,
Anisha,Shulick,
Bettina,Kham,
Velda,Mancilla,
Marta,Brace,
Juan,Vanwyhe,
Lelia,Filion,
Una,Frankel,
Eva,Joulwan,
Mammie,Dormanen,
Jeannetta,Coolidge,
Elbert,Drawe,
Lenny,Gazzola,
Mira,Alpheaus,
Cathern,Ungar,
Malcom,Fleckles,
Monroe,Damato,
Leota,Fletchen,
Berry,Gutoski,
Meghan,Riherd,
Mike,Torner,
Elsa,Delisle,
Linwood,Rosenlof,
Latosha,Alexy,
Alexia,Meenan,
Graham,Stanwick,
Elinore,Fulda,
Lisbeth,Creecy,
Eloisa,Faurote,
Shawana,Cantua,
Alyssa,Ansbro,
Kyoko,Mcmillian,
Terry,Gauthier,
Sena,Langenbach,
Cristen,Nesset,
Lashawn,Ker,
Wade,Sovel,
Whitney,Tishler,
Deja,Conatser,
Earnestine,Casper,
Frankie,Marruffo,
Paola,Dease,
Rodrigo,Hawkin,
Luther,Alsman,
Casey,Dondero,
Ressie,Bontemps,
Sean,Schurman,
Celestina,Pince,
Maira,Karas,
Beth,Barbone,
Wei,Nobel,
Melissia,Slotemaker,
Letha,Akey,
Isaac,Semrad,
Kristine,Klipfel,
Odette,Moussette,
Hobert,Panfilov,
Isadora,Mchughes,
Emily,Pogorelc,
Desire,Barresi,
Rosalind,Stamps,
Vernell,Connley,
Micheline,Mathieson,
Nathan,Outhouse,
Allene,Burau,
Julie,Sakshaug,
Francisca,Shuhi,
Marisha,Wilcoxon,
Telma,Maraia,
Luke,Crete,
Hubert,Mias,
Janella,Altobell,
Angelo,Lavista,
Tran,Mandiola,
Reynalda,Vanhooser,
Salley,Rieger,
Cheryll,Yurich,
Crista,Viengxay,
Lino,Sutulovich,
Galen,Wendorf,
Gilbert,Langarica,
Whitney,Goossen,
Socorro,Abrahams,
Mauricio,Flam,
Phillip,Aloi,
Gilberto,Erixon,
Thad,Puskarich,
Bambi,Favaron,
Marshall,Kozikowski,
Chery,Wiederin,
Eileen,Montecalvo,
Melita,Szpak,
Ashley,Jessie,
Laila,Fend,
Bobbie,Guillereault,
Dana,Paluszynski,
Freida,Newyear,
Val,Cellucci,
Horace,Knapp,
Joana,Reinecke,
Tiara,Schlichter,
Dacia,Swaisgood,
Myong,Babineaux,
Gene,Bleile,
Kanisha,Difiora,
Ayesha,Moeder,
Lanie,Smalarz,
Jaleesa,Polintan,
Tamekia,Flotow,
Ula,Otey,
Rosendo,Ratel,
Timmy,Lintner,
Zita,Speltz,
Aleisha,Lemm,
Naomi,Lavezzo,
Aretha,Bowling,
Mila,Figuera,
Orville,Zuehl,
Gabriele,Geschke,
Kara,Jaquish,
Kenny,Lin,
Vashti,Sugai,
Jordan,Handsaker,
Carisa,Degenhardt,
Audrie,Danaher,
Shaunna,Rodamis,
Coleen,Langer,
Katie,Choinski,
Dannie,Brau,
Ashanti,Donn,
Madalyn,Dubberly,
Santos,Signore,
Alyce,Flamino,
Pearly,Ero,
Cherrie,Nitschke,
Maia,Shadd,
Edwin,Logghe,
Leigha,Semenza,
Walker,Seeger,
Nakita,Rodrigues,
Kattie,Ozane,
Lamar,Suite,
Juliana,Uken,
Chan,Loftin,
Delpha,Detamore,
Floyd,Tivis,
Chantell,Besong,
Martin,Fonua,
Hyun,Erdman,
Nada,Arey,
Elizabeth,Pata,
Dominic,Washmuth,
Alise,Packebush,
Flo,Bardsley,
Bonita,Sandblom,
Royal,Rush,
Erasmo,Talentino,
Mari,Smeby,
Eleonora,Ventry,
Therese,Shiraki,
Rodolfo,Scavuzzo,
Cruz,Fanelli,
Arlyne,Dellinger,
Edward,Strejan,
Christoper,Sheneman,
Melda,Colamarino,
Margot,Peay,
Gerald,Drozdenko,
Tomoko,Renno,
Mendy,Wassmann,
Daryl,Hilcher,
Ty,Feeback,
King,Vanacore,
Isidra,Varnado,
Tonja,Driesenga,
Shaquana,Featherston,
Gilberto,Feagins,
Rex,Faehnle,
Adolph,Cunningham,
Queen,Leader,
Rebbecca,Rufenacht,
Ardella,Goldrup,
Dallas,Miyashiro,
Vivan,Jenious,
Han,Dzledzic,
Emilio,Guitierrez,
Latia,Cos,
Lilli,Cureau,
Maryanne,Siske,
Eliz,Strimple,
Laura,Gumaer,
Leanora,Respicio,
Sherell,Pomarico,
Charlie,Isita,
Veronique,Nuckolls,
Antonio,Villamarin,
Louvenia,Kincannon,
Roxanne,Hedegore,
Eve,Hoffstot,
Kenda,Koza,
Elden,Mercik,
Kami,Ferre,
Selene,Zeng,
Deangelo,Rardon,
Olen,Ailey,
Lanie,Smarsh,
Lynna,Breheny,
Jody,Klitzing,
Antonio,Glasford,
Merilyn,Scurci,
Elliott,Kins,
Leonie,Devereux,
Eulah,Syrop,
Marsha,Tarry,
Mignon,Luger,
Tu,Rivet,
Adelle,Schantini,
Douglass,Fonnesbeck,
Evette,Mazierski,
Geraldo,Okoren,
Clarinda,Pelayo,
Reuben,Mccorrison,
Yen,Groody,
Tanja,Milne,
Jerlene,Holtgrewe,
Almeta,Keehner,
Wilda,Brigham,
Remedios,Arlinghaus,
Margret,Alcazar,
Denny,Casalenda,
Carolynn,Atkison,
Amina,Goulbourne,
Janna,Przybyl,
Emiko,Sayre,
In,Muns,
Eleni,Vanscoik,
Kandis,Alsbury,
Kina,Saltman,
Jacki,Sterback,
Fallon,Kerfoot,
Precious,Brabble,
Glory,Ona,
Tamesha,Tyburski,
Brande,Cutlip,
Olene,Skubis,
Carey,Marchetta,
Launa,Torez,
Dominga,Whitrock,
Dwight,Belyea,
Cornell,Mccrossin,
Alverta,Topete,
Felicia,Claybrooks,
Carmen,Gillham,
Ashlee,Beyl,
Vannessa,Land,
Patti,Rempel,
German,Meyerhoff,
Anika,Marse,
Cristina,Marola,
Lemuel,Allis,
Joaquin,Hysom,
Kerrie,Makuch,
Alaine,Raterman,
Shannon,Kobayashi,
Corinne,Holman,
Heidy,Hallford,
Marylyn,Shonerd,
Maryln,Mortenson,
Pearlie,Flori,
Nina,Yaklin,
Vivienne,Torrain,
Jacob,Kippel,
Tula,Nahmias,
Berry,Scandalis,
Kaycee,Carsten,
Melvin,Setter,
Brianne,Matsumura,
Eugene,Pelzer,
Margery,Rohrs,
Noel,Sarra,
Beula,Lingo,
Sheridan,Mckenize,
Dino,Meinert,
Rebbeca,Rubinstein,
Celia,Reisling,
Stefania,Weatherwax,
Leah,Luchterhand,
Billy,Selma,
Doug,Lucore,
Veronica,Mcclodden,
Laquanda,Kho,
Mohammad,Poitra,
Mozell,Westad,
Bronwyn,Bridgford,
Jeff,Brossoit,
Shantay,Hopman,
Chantay,Jirsa,
Keneth,Stpierrie,
Alton,Rampy,
Patrick,Teisberg,
Theron,Merriam,
Pilar,Seelig,
Lashunda,Argiro,
Verda,Chiphe,
Ashley,Tropp,
Vesta,Havely,
Emogene,Ritthaler,
Shayne,Mordhorst,
Franchesca,Charry,
Elmira,Ringlein,
Destiny,Madlem,
Gaston,Szumski,
Ronna,Mittler,
Angelica,Poisso,
Casie,Arzilli,
Magdalene,Cocherell,
Erasmo,Gath,
Rosalia,Ziv,
Lyda,Cronholm,
Lisandra,Stueber,
Sabina,Prok,
Elenore,Gomoran,
Brynn,Capra,
Leeann,Flory,
Janet,Steimer,
Lewis,Mellom,
Jestine,Driscol,
Tatum,Parks,
Kayleigh,Bendle,
Lili,Imondi,
Sunshine,Senechal,
Remona,Heier,
Gail,Carris,
Dong,Oropeza,
Larue,Ocacio,
Goldie,Sonkens,
Shelia,Plues,
Narcisa,Araiza,
Evelynn,Frede,
Arlean,Calaf,
Tamra,Yu,
Dusti,Maricle,
Aracelis,Donham,
Filiberto,Fredrikson,
Leana,Stackpole,
Man,Homer,
Lennie,Asley,
Arletta,Naomi,
Chana,Perera,
Nell,Pao,
Antonio,Heilig,
Gerald,Kernagis,
Sueann,Mandril,
Alayna,Hoyal,
Talia,Marthe,
Pansy,Kopan,
Royce,Saik,
Cherelle,Sorrel,
Dudley,Dibartolo,
Nettie,Aldaco,
Carline,Bulcao,
Shanda,Lunger,
Emilio,Withers,
Lovetta,Study,
Felice,Gone,
Stefania,Leadbeater,
Margarita,Orloski,
Paul,Farrin,
Anglea,Tritten,
Ona,Bowhall,
Germaine,Hascall,
Vicky,Schellenberge,
Carolann,Gross,
Rusty,Adelsperger,
Cassandra,Bludworth,
Teresita,Gesell,
Evangelina,Gius,
Marlon,Tromblay,
Quiana,Scarsella,
Viki,Humeniuk,
Domitila,Weissmann,
Ivan,Aronov,
Anabel,Baldock,
Carlton,Blyler,
Rashida,Vera,
Sherron,Knodel,
Cora,Mossing,
Altha,Tischner,
Dortha,Yaccarino,
Diego,Augle,
Peggy,Khov,
Walton,Yuki,
Vallie,Yafaie,
Tony,Diazdeleon,
Val,Villot,
Mel,Picciuto,
Isabella,Piatkowski,
Erasmo,Rhea,
Ivory,Lohrenz,
Nikita,Walka,
Aleta,Ligons,
Owen,Jentzen,
Pauline,Fling,
Tijuana,Machalek,
Ahmad,Alsaqri,
Jamika,Conoly,
Derrick,Dolloff,
Jacquelyne,Reibman,
Zachary,Freeburger,
Sophia,Gaucher,
Isabelle,Kono,
Ronnie,Brigman,
Krystina,Schlabaugh,
Rosita,Ausdemore,
Huey,Stancil,
Elbert,Fiorino,
Pura,Manciel,
Alesia,Katie,
Avery,Veit,
Reid,Euresti,
Charlette,Brenning,
Celestina,Keeny,
Mi,Richan,
Rebbecca,Didio,
Stevie,Hallo,
Mariko,Stayer,
Gerardo,Woodka,
Mayra,Bena,
Idella,Scotland,
Sherill,Klar,
Ena,Desjardiws,
Vince,Siena,
Theron,Jarding,
Amira,Chudej,
Marica,Tarbor,
Shawna,Albrough,
Paulina,Maker,
Rose,Jebb,
Reita,Tabar,
Maybelle,Bewley,
Camellia,Pylant,
Roy,Nybo,
Albert,Sonier,
Hayley,Taghon,
Norah,Daleo,
Rosina,Sidhu,
Royal,Costeira,
Barrie,Nicley,
Linsey,Gedman,
Laura,Bourbonnais,
Fanny,Stoneking,
Kristian,Ellerbusch,
Gwen,Julye,
Ben,Majorga,
Trina,Oto,
Emelda,Geffers,
Zana,Ploszaj,
Shaun,Rael,
Oren,Lobosco,
Catherin,Aguele,
Pearlene,Boudrie,
Kathryn,Bonalumi,
Suzan,Landa,
Sommer,Agar,
Keena,Rebich,
Rupert,Hinkson,
Aleta,Poarch,
Jamal,Korczynski,
Luz,Broccoli,
Janessa,Ruthers,
Lavonne,Esco,
Honey,Lymaster,
Jean,Cecchinato,
Katlyn,Flitcroft,
Cassie,Soros,
Rolf,Gene,
Darnell,Moothart,
Cherilyn,Fraize,
Lynda,Lazzaro,
Leigha,Capelli,
Delfina,Binnie,
Carlota,Gephardt,
Alida,Helger,
Donte,Resureccion,
Lou,Kriner,
Dortha,Vrieze,
Genevive,Sanborn,
Alease,Strawbridge,
Veda,Mishkin,
Craig,Vandersloot,
Lauran,Tovmasyan,
Aaron,Kloska,
Francene,Skursky,
Zena,Daria,
Brigette,Breckenstein,
Jeniffer,Jezek,
Selma,Elm,
Elenora,Handler,
Nadine,Okojie,
Kristin,Shiflet,
Melinda,Fellhauer,
Kirby,Litherland,
Kent,Ivans,
Dan,Platz,
Millie,Pirkl,
Moira,Qadir,
Reta,Qazi,
Brittney,Lolley,
Leandro,Bolka,
Edison,Sumera,
Breana,Cassi,
Jarvis,Nicols,
Felicitas,Orlinski,
Geraldine,Neisius,
Alfred,Pacleb,
Leatha,Block,
Jacquelyne,Rosso,
Jonelle,Epps,
Rosamond,Amlin,
Johnson,Mcenery,
Elliot,Scatton,
Gerri,Perra,
Rosendo,Jelsma,
Eveline,Brickhouse,
Laurene,Bennett,
Tegan,Ebershoff,
Tracie,Huro,
Mertie,Kazeck,
Clare,Bortignon,
Rebeca,Baley,
Nilsa,Pawell,
Samuel,Arellanes,
Ivette,Servantes,
Merrilee,Fajen,
Gianna,Eilers,
Hyman,Phinazee,
Buck,Pascucci,
Kenny,Leicht,
Tabetha,Bai,
Alonso,Popper,
Alonzo,Polek,
Son,Magnotta,
Jesusita,Druck,
Annice,Kunich,
Delila,Buchman,
Iraida,Sionesini,
Alona,Driesenga,
Lajuana,Vonderahe,
Madelyn,Maestri,
Louann,Susmilch,
William,Devol,
Corazon,Grafenstein,
Fairy,Burket,
Lashawn,Urion,
Ronald,Gayner,
Shizue,Hayduk,
Nida,Fitz,
Amos,Limberg,
Dexter,Prosienski,
Ludivina,Calamarino,
Ariel,Stavely,
Haley,Vaughn,
Raelene,Legeyt,
Micaela,Shiflett,
Alpha,Prudhomme,
Zack,Warman,
Wilford,Pata,
Carman,Robasciotti,
Carylon,Bayot,
Gladys,Schmale,
Matilda,Peleg,
Jacklyn,Wojnar,
Tashia,Charney,
Dorian,Eischens,
Jesus,Merkt,
Brandee,Svoboda,
Edda,Mcquaide,
Felix,Bumby,
Ben,Kellman,
Mickie,Upton,
Phung,Krome,
Lashonda,Langanke,
Patria,Popa,
Nidia,Horr,
Skye,Culcasi,
Kanisha,Reyelts,
Hector,Barras,
Stefan,Mongolo,
Francoise,Byon,
Lindy,Vandermeer,
Arthur,Diniz,
Nicholle,Hulme,
Tijuana,Mesch,
Lorenza,Schoenleber,
Iola,Baird,
Sang,Weigner,
Leonor,Prez,
Silvana,Whelpley,
Anthony,Stever,
Wenona,Carmel,
Isadora,Yurick,
Mose,Vonseggern,
Marci,Aveline,
Michel,Hoyne,
Stephania,Connon,
Charolette,Turk,
Katie,Magro,
Inocencia,Angeron,
Nikita,Novosel,
Malcolm,Gohlke,
Desiree,Englund,
Holley,Worland,
Maryann,Tates,
Ling,Dibello,
Hailey,Kopet,
Farrah,Malboeuf,
Candra,Deritis,
Reuben,Hegland,
Anglea,Andrion,
Paris,Tuccio,
Latricia,Schmoyer,
Jeffrey,Leuenberger,
Dean,Vollstedt,
Deane,Haag,
Edelmira,Pedregon,
Andrew,Keks,
Miesha,Decelles,
Javier,Osmer,
Kizzy,Stangle,
Sharan,Wodicka,
Novella,Fritch,
German,Dones,
Robt,Blanck,
Rossana,Biler,
Henriette,Gish,
Buffy,Stitely,
Christiane,Osmanski,
Annamae,Lothridge,
Vanesa,Glockner,
Gennie,Pastorino,
Tamra,Kenfield,
Tien,Kinney,
Malcom,Leja,
Claudia,Gawrych,
Page,Entzi,
Lorita,Roches,
Annita,Lek,
Eliseo,Mikovec,
Tyisha,Layland,
Colene,Tolbent,
Francis,Senters,
Hester,Dollins,
Susana,Baumgarter,
Dahlia,Tummons,
Osvaldo,Falvey,
Armando,Barkley,
Torie,Deras,
Tamie,Hollimon,
Lettie,Hessenthaler,
Chaya,Muhlbauer,
Terina,Wildeboer,
Lisbeth,Agney,
Lillian,Dominique,
Corrina,Lindblom,
Dylan,Chaleun,
Jerrod,Luening,
Gracie,Vicente,
Barabara,Amedro,
Delsie,Ducos,
Cassie,Digregorio,
Tamekia,Kajder,
Johanna,Saffer,
Sharita,Kruk,
Gerald,Chrusciel,
Ardella,Dieterich,
Jackie,Kellebrew,
Mabelle,Ramero,
Jonell,Biasi,
Linwood,Wessner,
Samira,Heninger,
Julieta,Cropsey,
Serita,Barthlow,
Tori,Tepley,
Nancey,Whal,
Wilbert,Beckes,
Werner,Hermens,
Sunny,Catton,
Keva,Moehring,
Mary,Dingler,
Huey,Bukovac,
Antonio,Eighmy,
Quinn,Weissbrodt,
Carin,Georgiades,
Jill,Davoren,
Sanjuana,Goodness,
Elin,Koerner,
Charlena,Decamp,
Annette,Breyer,
Alexis,Morguson,
Princess,Saffo,
Ashton,Sutherburg,
Elmer,Redlon,
Aliza,Akiyama,
Ora,Handrick,
Brent,Ahlborn,
Tora,Telch,
Hildred,Eilbeck,
Dante,Freiman,
Emmanuel,Avera,
Keshia,Wasp,
Sherman,Mahmud,
Lore,Brothers,
Shawn,Weibe,
Karima,Cheever,
Francesco,Kloos,
King,Picton,
Mica,Simco,
Lamonica,Princiotta,
Curtis,Ware,
Sabrina,Rabena,
Denae,Saeteun,
Anastacia,Carranzo,
Irving,Plocica,
Elenor,Siefken,
Mary,Irene,
Crista,Padua,
Lawana,Yuasa,
Maryrose,Cove,
Lindsey,Rathmann,
Lynelle,Koury,
Brice,Bogacz,
Laine,Killean,
Rachael,Crawley,
Della,Selestewa,
Thomasena,Graziosi,
Frederic,Schimke,
Halina,Dellen,
Ryann,Riston,
Shawn,Vugteveen,
Leah,Milsap,
Ira,Zihal,
Paris,Kinnison,
Shayne,Sundahl,
Ernestine,Paavola,
Eleonore,Everline,
Misty,Leriche,
Na,Hodges,
Juan,Knudtson,
Gerald,Kloepper,
Desmond,Tarkowski,
Tommy,Gennusa,
Adrianna,Poncio,
Adaline,Galagher,
Tammi,Schiavi,
Virgilio,Phay,
Emeline,Sotelo,
Marcos,Seniff,
Yuonne,Carabajal,
Gladis,Kazemi,
Muriel,Drozdowski,
Juliann,Dammeyer,
Reiko,Dejarme,
Verdell,Garness,
Arleen,Kane,
Launa,Vanauken,
Casandra,Gordis,
Julio,Puccini,
Alica,Alerte,
Karol,Sarkissian,
Wava,Ochs,
Felicitas,Gong,
Jamie,Kushnir,
Fidelia,Dampier,
Kris,Medich,
Lashawna,Filan,
Lachelle,Andrzejewski,
Katy,Saltourides,
Bettyann,Fernades,
Valda,Levay,
Lynette,Beaureguard,
Victor,Laroia,
Pa,Badgero,
Dorathy,Miskelly,
Rodrigo,Schuh,
Stanford,Waganer,
Michael,Orehek,
Ines,Tokich,
Dorinda,Markoff,
Clarence,Gabbert,
Omer,Radel,
Winifred,Kingshott,
Theresia,Salomone,
Daisy,Kearsey,
Aretha,Bodle,
Bettina,Diciano,
Omega,Mangino,
Dana,Vock,
Naomi,Tuamoheloa,
Luis,Yerry,
Dominga,Barchacky,
Isreal,Calizo,
Myrtie,Korba,
Jodi,Naifeh,
Pearly,Hedstrom,
Aileen,Menez,
Glory,Carlo,
Kathrine,Francoise,
Domingo,Mckale,
Julian,Laprade,
Marylou,Lofts,
Louis,Brueck,
Ellsworth,Guenther,
Wilburn,Lary,
Arlie,Borra,
Alysa,Lehoux,
Marilynn,Herrera,
Scot,Jarva,
Adelaide,Ender,
Jackie,Borchelt,
Carli,Bame,
Coletta,Thro,
Katheryn,Lamers,
Santos,Wisenbaker,
Kimberely,Weyman,
Earlean,Suffern,
Dannette,Heimbaugh,
Odelia,Hutchin,
Lina,Schwiebert,
Fredric,Johanningmeie,
Alfreda,Delsoin,
Bernadine,Elamin,
Ming,Thaxton,
Gracia,Pecot,
Yuette,Metevelis,
Yuriko,Kazarian,
Hyman,Hegeman,
Linette,Summerfield,
Jospeh,Couzens,
Anna,Ovit,
Shawnta,Woodhams,
Ettie,Luckenbach,
Chara,Leveston,
Lauran,Huntsberger,
Pansy,Todesco,
Georgeanna,Silverstone,
Jesus,Liversedge,
Jamey,Tetter,
Alberta,Motter,
Ronald,Grube,
Tamala,Hickie,
Gerry,Mohrmann,
Isaiah,Kueter,
Magnolia,Overbough,
Ngoc,Guglielmina,
Julene,Lauretta,
Magda,Lindbeck,
Shantell,Lizama,
Audria,Piccinich,
Nickole,Derenzis,
Grover,Reynolds,
Rocco,Bergstrom,
Ethan,Quintero,
Glynda,Sanzenbacher,
Yolande,Scrimsher,
Twanna,Sieber,
Rosenda,Petteway,
Lacey,Francis,
Cordie,Meikle,
Annalee,Graleski,
Dana,Ladeau,
Wai,Raddle,
Johana,Conquest,
Tomas,Fults,
Karon,Etzler,
Delbert,Houben,
Ashleigh,Rimmer,
Nenita,Mckenna,
Micah,Shear,
Stefany,Figueras,
Rene,Burnsworth,
Cary,Orazine,
Micheal,Ocken,
Frederick,Tamburello,
Burma,Noa,
Cherry,Roh,
Gabriele,Frabotta,
Clement,Chee,
Beckie,Apodace,
Catrice,Fowlkes,
Richelle,Remillard,
Cherri,Miccio,
Dorethea,Taketa,
Barb,Latina,
Bettye,Meray,
Sherrell,Sprowl,
Ruth,Niglio,
Alva,Shoulders,
Carri,Palaspas,
Onita,Milbrandt,
Jessenia,Sarp,
Tricia,Peressini,
Stephaine,Manin,
Florinda,Gudgel,
Marsha,Farnham,
Josefa,Oakland,
Deeann,Nicklous,
Jeannetta,Vonstaden,
Desmond,Amuso,
Trina,Bakey,
Ramonita,Picotte,
Temeka,Bodine,
Bea,Iida,
Soledad,Mockus,
Margurite,Okon,
Artie,Saine,
Major,Studwell,
Veronika,Buchauer,
Christene,Cisney,
Miles,Feldner,
Julio,Mikel,
Aide,Ghera,
Noelia,Brackett,
Lenora,Delacruz,
James,Butt,http://www.bentonjohnbjr.com
Josephine,Darakjy,http://www.chanayjeffreyaesq.com
Art,Venere,http://www.chemeljameslcpa.com
Lenna,Paprocki,http://www.feltzprintingservice.com
Donette,Foller,http://www.printingdimensions.com
Simona,Morasca,http://www.chapmanrosseesq.com
Mitsue,Tollner,http://www.morlongassociates.com
Leota,Dilliard,http://www.commercialpress.com
Sage,Wieser,http://www.truhlarandtruhlarattys.com
Kris,Marrier,http://www.kingchristopheraesq.com
Minna,Amigon,http://www.dorljamesjesq.com
Abel,Maclead,http://www.rangoniofflorence.com
Kiley,Caldarera,http://www.feinerbros.com
Graciela,Ruta,http://www.buckleymillerwright.com
Cammy,Albares,http://www.rousseauxmichaelesq.com
Mattie,Poquette,http://www.centurycommunications.com
Meaghan,Garufi,http://www.boltonwilburesq.com
Gladys,Rim,http://www.tmbyxbeecompanypc.com
Yuki,Whobrey,http://www.farmersinsurancegroup.com
Fletcher,Flosi,http://www.postboxservicesplus.com
Bette,Nicka,http://www.sportenart.com
Veronika,Inouye,http://www.cnetworkinc.com
Willard,Kolmetz,http://www.ingallsdonaldresq.com
Maryann,Royster,http://www.franklinpeterlesq.com
Alisha,Slusarski,http://www.wtlzpowerfm.com
Allene,Iturbide,http://www.ledeckydavidesq.com
Chanel,Caudy,http://www.professionalimageinc.com
Ezekiel,Chui,http://www.siderdonaldcesq.com
Willow,Kusko,http://www.upullit.com
Bernardo,Figeroa,http://www.clarkrichardcpa.com
Ammie,Corrio,http://www.moskowitzbarrys.com
Francine,Vocelka,http://www.cascaderealtyadvisorsinc.com
Ernie,Stenseth,http://www.knwznewsradio.com
Albina,Glick,http://www.giampetroanthonyd.com
Alishia,Sergi,http://www.milfordenterprisesinc.com
Solange,Shinko,http://www.mosoccoronalda.com
Jose,Stockham,http://www.tristaterefuelerco.com
Rozella,Ostrosky,http://www.parkwaycompany.com
Valentine,Gillian,http://www.fbsbusinessfinance.com
Kati,Rulapaugh,http://www.ederassocsconsltngengrspc.com
Youlanda,Schemmer,http://www.trimtoolinc.com
Dyan,Oldroyd,http://www.internationaleyeletsinc.com
Roxane,Campain,http://www.rapidtradingintl.com
Lavera,Perin,http://www.abcenterprisesinc.com
Erick,Ferencz,http://www.cindyturnerassociates.com
Fatima,Saylors,http://www.stantonjamesdesq.com
Jina,Briddick,http://www.gracepastriesinc.com
Kanisha,Waycott,http://www.schroergeneeesq.com
Emerson,Bowley,http://www.knightsinn.com
Blair,Malet,http://www.bollingermachshpshipyard.com
Brock,Bolognia,http://www.orindanews.com
Lorrie,Nestle,http://www.ballardspahrandrews.com
Sabra,Uyetake,http://www.lowylimousineservice.com
Marjory,Mastella,http://www.viconcorporation.com
Karl,Klonowski,http://www.rossimichaelm.com
Tonette,Wenner,http://www.northwestpublishing.com
Amber,Monarrez,http://www.branfordwiremfgco.com
Shenika,Seewald,http://www.eastcoastmarketing.com
Delmy,Ahle,http://www.wyetechnologiesinc.com
Deeanna,Juhas,http://www.healygeorgewiv.com
Blondell,Pugh,http://www.alpenliteinc.com
Jamal,Vanausdal,http://www.hubbardbruceesq.com
Cecily,Hollack,http://www.arthuraoliversoninc.com
Carmelina,Lindall,http://www.georgejessopcarterjewelers.com
Maurine,Yglesias,http://www.schultzthomascmd.com
Tawna,Buvens,http://www.hhhenterprisesinc.com
Penney,Weight,http://www.hawaiiankinghotel.com
Elly,Morocco,http://www.killionindustries.com
Ilene,Eroman,http://www.robinsonwilliamjesq.com
Vallie,Mondella,http://www.privateproperties.com
Kallie,Blackwood,http://www.rowleyschlimgeninc.com
Johnetta,Abdallah,http://www.forgingspecialties.com
Bobbye,Rhym,http://www.smitspatriciagarity.com
Micaela,Rhymes,http://www.hleeleonardattorneyatlaw.com
Tamar,Hoogland,http://www.akconstructionco.com
Moon,Parlato,http://www.ambelangjessicammd.com
Laurel,Reitler,http://www.qaservice.com
Delisa,Crupi,http://www.woodwhitacrecontractors.com
Viva,Toelkes,http://www.markivpressltd.com
Elza,Lipke,http://www.museumofscienceindustry.com
Devorah,Chickering,http://www.garrisonind.com
Timothy,Mulqueen,http://www.saronixnymphproducts.com
Arlette,Honeywell,http://www.smcinc.com
Dominque,Dickerson,http://www.eaielectronicassocsinc.com
Lettie,Isenhower,http://www.contechristopheraesq.com
Myra,Munns,http://www.ankerlawoffice.com
Stephaine,Barfield,http://www.beutelschiescompany.com
Lai,Gato,http://www.fliggkennethijr.com
Stephen,Emigh,http://www.sharpjdanielesq.com
Tyra,Shields,http://www.assinkannehesq.com
Tammara,Wardrip,http://www.jewelmyshopinc.com
Cory,Gibes,http://www.chinesetranslationresources.com
Danica,Bruschke,http://www.stevenscharlest.com
Wilda,Giguere,http://www.mclaughlinlutherwcpa.com
Elvera,Benimadho,http://www.treemusketeers.com
Carma,Vanheusen,http://www.springfielddivohedisonco.com
Malinda,Hochard,http://www.loganmemorialhospital.com
Natalie,Fern,http://www.kellycharlesgesq.com
Lisha,Centini,http://www.industrialpapershreddersinc.com
Arlene,Klusman,http://www.beckhorizonbuilders.com
Alease,Buemi,http://www.portocayoathawkscay.com
Louisa,Cronauer,http://www.pacificgrovemuseumntrlhist.com
Angella,Cetta,http://www.benderhatleypc.com
Cyndy,Goldammer,http://www.dicristinajson.com
Rosio,Cork,http://www.greengoddess.com
Celeste,Korando,http://www.americanartsgraphics.com
Twana,Felger,http://www.oprylandhotel.com
Estrella,Samu,http://www.markingdevicespubgco.com
Donte,Kines,http://www.wtcindustriesinc.com
Tiffiny,Steffensmeier,http://www.whitehallrobbinslabsdivsn.com
Edna,Miceli,http://www.sampler.com
Sue,Kownacki,http://www.junochefsincorporated.com
Jesusa,Shin,http://www.carroccioathomasesq.com
Rolland,Francescon,http://www.stanleyrichardlesq.com
Pamella,Schmierer,http://www.kcscstmmouldingswindows.com
Glory,Kulzer,http://www.comfortinn.com
Shawna,Palaspas,http://www.windsorjameslesq.com
Brandon,Callaro,http://www.jacksonshieldsyeiser.com
Scarlet,Cartan,http://www.boxjcalvinesq.com
Oretha,Menter,http://www.customengineeringinc.com
Ty,Smith,http://www.breslereitelframggllryltd.com
Xuan,Rochin,http://www.caroldrakesparksesq.com
Lindsey,Dilello,http://www.biltmoreinvestorsbank.com
Devora,Perez,http://www.descoequipmentcorp.com
Herman,Demesa,http://www.merlinelectricco.com
Rory,Papasergi,http://www.baileycntlcodivbabcock.com
Talia,Riopelle,http://www.fordbrotherswholesaleinc.com
Van,Shire,http://www.cambridgeinn.com
Lucina,Lary,http://www.matriccianialbertjjr.com
Bok,Isaacs,http://www.nelsonhawaiianltd.com
Rolande,Spickerman,http://www.nelandtravelagency.com
Howard,Paulas,http://www.asendorfjalanesq.com
Kimbery,Madarang,http://www.silbermanarthurlesq.com
Thurman,Manno,http://www.honeybeebreedinggenetics.com
Becky,Mirafuentes,http://www.wellskravitzschnitzer.com
Beatriz,Corrington,http://www.prohabrehabilitationservs.com
Marti,Maybury,http://www.eldridgekristinkesq.com
Nieves,Gotter,http://www.vlahosjohnjesq.com
Leatha,Hagele,http://www.ninasindiangrsvideos.com
Valentin,Klimek,http://www.schmidgayannekesq.com
Melissa,Wiklund,http://www.moapavalleyfederalcreditun.com
Sheridan,Zane,http://www.kentuckytennesseeclayco.com
Bulah,Padilla,http://www.admiralpartyrentalssales.com
Audra,Kohnert,http://www.nelsonkarolynkingesq.com
Daren,Weirather,http://www.panasystems.com
Fernanda,Jillson,http://www.shankedwardlesq.com
Gearldine,Gellinger,http://www.megibowedwards.com
Chau,Kitzman,http://www.benoffedwardesq.com
Theola,Frey,http://www.woodbridgefreepubliclibrary.com
Cheryl,Haroldson,http://www.newyorklifejohnthune.com
Laticia,Merced,http://www.alinabalinc.com
Carissa,Batman,http://www.polettokimdavidesq.com
Lezlie,Craghead,http://www.changcarolynesq.com
Ozell,Shealy,http://www.silverbrosinc.com
Arminda,Parvis,http://www.newtecinc.com
Reita,Leto,http://www.creativebusinesssystems.com
Yolando,Luczki,http://www.daltilecorporation.com
Lizette,Stem,http://www.edwardskatz.com
Gregoria,Pawlowicz,http://www.ohmygoodknitsinc.com
Carin,Deleo,http://www.redekerdebbie.com
Chantell,Maynerich,http://www.desertsandsmotel.com
Dierdre,Yum,http://www.cumminssouthernplainsinc.com
Larae,Gudroe,http://www.lehighfurndivsnlehigh.com
Latrice,Tolfree,http://www.unitedvanlinesagent.com
Kerry,Theodorov,http://www.capitolreporters.com
Dorthy,Hidvegi,http://www.kwikkopyprinting.com
Fannie,Lungren,http://www.centroinc.com
Evangelina,Radde,http://www.campbelljanesq.com
Novella,Degroot,http://www.evansckellyesq.com
Clay,Hoa,http://www.scatenterprises.com
Jennifer,Fallick,http://www.nagledanieljesq.com
Irma,Wolfgramm,http://www.serendiquitybedbreakfast.com
Eun,Coody,http://www.raycarolynerealty.com
Sylvia,Cousey,http://www.bergcharlese.com
Nana,Wrinkles,http://www.raymilbernd.com
Layla,Springe,http://www.chaddsfordwinery.com
Joesph,Degonia,http://www.arpackaging.com
Annabelle,Boord,http://www.cornpopper.com
Stephaine,Vinning,http://www.biritefoodservicedistr.com
Nelida,Sawchuk,http://www.anchoragemuseumofhistart.com
Marguerita,Hiatt,http://www.habergeorgedmd.com
Carmela,Cookey,http://www.royalpontiacoldsinc.com
Junita,Brideau,http://www.leonardsantiquesinc.com
Claribel,Varriano,http://www.meca.com
Benton,Skursky,http://www.nerconengineeringmfginc.com
Hillary,Skulski,http://www.replicai.com
Merilyn,Bayless,http://www.printinginc.com
Teri,Ennaco,http://www.publishersgroupwest.com
Merlyn,Lawler,http://www.nischwitzjeffreylesq.com
Georgene,Montezuma,http://www.paynebladeswellbornpa.com
Jettie,Mconnell,http://www.coldwellbnkrwrightrealest.com
Lemuel,Latzke,http://www.computerrepairservice.com
Melodie,Knipp,http://www.fleetwoodbuildingblockinc.com
Candida,Corbley,http://www.coltsneckmedicalassocsinc.com
Karan,Karpin,http://www.newenglandtaxidermy.com
Andra,Scheyer,http://www.ludckegeorgeoesq.com
Felicidad,Poullion,http://www.mccorkletomsesq.com
Belen,Strassner,http://www.eaglesoftwareinc.com
Gracia,Melnyk,http://www.juvenileadultsuper.com
Jolanda,Hanafan,http://www.perezjosephjesq.com
Barrett,Toyama,http://www.casefoundationco.com
Helga,Fredicks,http://www.eisenvironmentalengrsinc.com
Ashlyn,Pinilla,http://www.artcrafters.com
Fausto,Agramonte,http://www.marriotthotelsresortssuites.com
Ronny,Caiafa,http://www.remacoinc.com
Marge,Limmel,http://www.bjorkrobertdjr.com
Norah,Waymire,http://www.carmichaeljefferylesq.com
Aliza,Baltimore,http://www.andrewsjrobertesq.com
Mozell,Pelkowski,http://www.winshipbyrne.com
Viola,Bitsuie,http://www.burtondavis.com
Franklyn,Emard,http://www.olympicgraphicarts.com
Willodean,Konopacki,http://www.magnuson.com
Beckie,Silvestrini,http://www.aallamericantravelinc.com
Rebecka,Gesick,http://www.polykoteinc.com
Frederica,Blunk,http://www.jetscybernetics.com
Glen,Bartolet,http://www.metlabtestingservices.com
Freeman,Gochal,http://www.kellermannwilliamtesq.com
Vincent,Meinerding,http://www.arturipeterdesq.com
Rima,Bevelacqua,http://www.mcauleymfgco.com
Glendora,Sarbacher,http://www.defurvoranhanleyradcliff.com
Avery,Steier,http://www.dilldillcarrstonbrakerpc.com
Cristy,Lother,http://www.kleensteel.com
Nicolette,Brossart,http://www.gouldspumpsincslurrypump.com
Tracey,Modzelewski,http://www.kansascityinsurancereport.com
Virgina,Tegarden,http://www.berhanuinternationalfoods.com
Tiera,Frankel,http://www.rolandashcroft.com
Alaine,Bergesen,http://www.hispanicmagazine.com
Earleen,Mai,http://www.littlesheetmetalco.com
Leonida,Gobern,http://www.holmesarmsteadjesq.com
Ressie,Auffrey,http://www.fawjamesccpa.com
Justine,Mugnolo,http://www.evansrulecompany.com
Eladia,Saulter,http://www.tyeeproductionsinc.com
Chaya,Malvin,http://www.dunnellsduvall.com
Gwenn,Suffield,http://www.deltamsystemsinc.com
Salena,Karpel,http://www.hammillmfgco.com
Yoko,Fishburne,http://www.samscornerstore.com
Taryn,Moyd,http://www.siskinmarkjesq.com
Katina,Polidori,http://www.capeassociatesrealestate.com
Rickie,Plumer,http://www.merrilllynch.com
Alex,Loader,http://www.sublettscottesq.com
Lashon,Vizarro,http://www.sentrysigns.com
Lauran,Burnard,http://www.professionalsunlimited.com
Ceola,Setter,http://www.southernsteelshelvingco.com
My,Rantanen,http://www.boscopaulj.com
Lorrine,Worlds,http://www.longonicholasjesq.com
Peggie,Sturiale,http://www.henrycountymiddleschool.com
Marvel,Raymo,http://www.edisonsupplyequipmentco.com
Daron,Dinos,http://www.wolfwarrenresq.com
An,Fritz,http://www.linguisticsystemsinc.com
Portia,Stimmel,http://www.peacechristiancenter.com
Rhea,Aredondo,http://www.doublebfoodsinc.com
Benedict,Sama,http://www.alexanderalexanderinc.com
Alyce,Arias,http://www.fairbanksscales.com
Heike,Berganza,http://www.calisportswearcuttingdept.com
Carey,Dopico,http://www.garofanijohnesq.com
Dottie,Hellickson,http://www.thompsonfabricatingco.com
Deandrea,Hughey,http://www.centurykrallrealestate.com
Kimberlie,Duenas,http://www.midcontntlrltypropmgmt.com
Martina,Staback,http://www.acesignsinc.com
Skye,Fillingim,http://www.rodewayinn.com
Jade,Farrar,http://www.bonnetdaughter.com
Charlene,Hamilton,http://www.oshinsgibbons.com
Geoffrey,Acey,http://www.pricebusinessservices.com
Stevie,Westerbeck,http://www.wisedenniswmd.com
Pamella,Fortino,http://www.supermotel.com
Harrison,Haufler,http://www.johnwagnerassociates.com
Johnna,Engelberg,http://www.thriftyoilco.com
Buddy,Cloney,http://www.larkfieldphoto.com
Dalene,Riden,http://www.silvermanplanetarium.com
Jerry,Zurcher,http://www.jflumber.com
Haydee,Denooyer,http://www.cleaningstationinc.com
Joseph,Cryer,http://www.amesstationers.com
Deonna,Kippley,http://www.midasmufflershops.com
Raymon,Calvaresi,http://www.seaboardsecuritiesinc.com
Alecia,Bubash,http://www.petersenjameseesq.com
Ma,Layous,http://www.developmentauthority.com
Detra,Coyier,http://www.schottfiberopticsinc.com
Terrilyn,Rodeigues,http://www.stuartjagins.com
Salome,Lacovara,http://www.mitsumielectronicscorp.com
Garry,Keetch,http://www.italianexpressfranchisecorp.com
Matthew,Neither,http://www.americancouncilonscihlth.com
Theodora,Restrepo,http://www.kleripatriciasesq.com
Noah,Kalafatis,http://www.twiggsabramsblanchard.com
Carmen,Sweigard,http://www.mauiresearchtechnologypk.com
Lavonda,Hengel,http://www.bradleynameplatecorp.com
Junita,Stoltzman,http://www.geonexmartelinc.com
Herminia,Nicolozakes,http://www.seaislanddivoffstrindinc.com
Casie,Good,http://www.papaydebbiejesq.com
Reena,Maisto,http://www.lanepromotions.com
Mirta,Mallett,http://www.stephenkennerlyarchtsincpc.com
Cathrine,Pontoriero,http://www.businesssystemsofwisinc.com
Filiberto,Tawil,http://www.flashelenasalernoesq.com
Raul,Upthegrove,http://www.neeleygregorywesq.com
Sarah,Candlish,http://www.alabamaeducationaltvcomm.com
Lucy,Treston,http://www.franzinc.com
Judy,Aquas,http://www.plantationrestaurant.com
Yvonne,Tjepkema,http://www.radiocommunicationsco.com
Kayleigh,Lace,http://www.dentalawdivsnhlthcare.com
Felix,Hirpara,http://www.americanspeedyprintingctrs.com
Tresa,Sweely,http://www.graysongrantsesq.com
Kristeen,Turinetti,http://www.jeanerettemiddleschool.com
Jenelle,Regusters,http://www.haavistobrianfesq.com
Renea,Monterrubio,http://www.wmmtradiostation.com
Olive,Matuszak,http://www.colonypaintssalesofcplnt.com
Ligia,Reiber,http://www.floralexpressions.com
Christiane,Eschberger,http://www.cascoservicesinc.com
Goldie,Schirpke,http://www.reuterarthurcjr.com
Loreta,Timenez,http://www.kaminskikatherineandritsaki.com
Fabiola,Hauenstein,http://www.sidewinderproductscorp.com
Amie,Perigo,http://www.generalfoamcorporation.com
Raina,Brachle,http://www.ikgbordendivsnharscocorp.com
Erinn,Canlas,http://www.anchorcomputerinc.com
Cherry,Lietz,http://www.sebringco.com
Kattie,Vonasek,http://www.hacfarmlinescooptvassoc.com
Lilli,Scriven,http://www.hunterjohnjesq.com
Whitley,Tomasulo,http://www.freeholdfenceco.com
Barbra,Adkin,http://www.binswanger.com
Hermila,Thyberg,http://www.chiltonmaltingco.com
Jesusita,Flister,http://www.schoenedwardjjr.com
Caitlin,Julia,http://www.heldermanseymourcpa.com
Roosevelt,Hoffis,http://www.denbrookmyron.com
Helaine,Halter,http://www.lippittmike.com
Lorean,Martabano,http://www.hiramhoggpesq.com
France,Buzick,http://www.intravelagency.com
Justine,Ferrario,http://www.newhartfoodsinc.com
Adelina,Nabours,http://www.courtyardbymarriott.com
Derick,Dhamer,http://www.studereugeneaesq.com
Jerry,Dallen,http://www.seashoresupplycowaretown.com
Leota,Ragel,http://www.mayarsilkinc.com
Jutta,Amyot,http://www.nationalmedicalexcesscorp.com
Aja,Gehrett,http://www.sterocompany.com
Kirk,Herritt,http://www.hastinghduaneesq.com
Leonora,Mauson,http://www.instyprints.com
Winfred,Brucato,http://www.glenridgemanormobilehomepk.com
Tarra,Nachor,http://www.circuitsolutioninc.com
Corinne,Loder,http://www.localoffice.com
Dulce,Labreche,http://www.leekilkellypaulsonkabaker.com
Kate,Keneipp,http://www.davismaxonresq.com
Kaitlyn,Ogg,http://www.garrisonpauleesq.com
Sherita,Saras,http://www.blackhistoryresourcecenter.com
Lashawnda,Stuer,http://www.rodriguezjchristopheresq.com
Ernest,Syrop,http://www.grantfamilyhealthcenter.com
Nobuko,Halsey,http://www.goemanwoodproductsinc.com
Lavonna,Wolny,http://www.linhareskennethaesq.com
Lashaunda,Lizama,http://www.earnhardtprinting.com
Mariann,Bilden,http://www.hpgindustrysinc.com
Helene,Rodenberger,http://www.baileytransportationprodinc.com
Roselle,Estell,http://www.mcglynnblisspc.com
Samira,Heintzman,http://www.mutualfishco.com
Margart,Meisel,http://www.yeatesarthurlaia.com
Kristofer,Bennick,http://www.loganronaldjesq.com
Weldon,Acuff,http://www.advantagemartgagecompany.com
Shalon,Shadrick,http://www.germerandgertzllp.com
Denise,Patak,http://www.spencelawoffices.com
Louvenia,Beech,http://www.johnortizntstherapycenter.com
Audry,Yaw,http://www.mikeuchrinhtgaircondinc.com
Kristel,Ehmann,http://www.mccoyjoyreynoldsesq.com
Vincenza,Zepp,http://www.kboram.com
Elouise,Gwalthney,http://www.qualityinnnorthwest.com
Venita,Maillard,http://www.wallacechurchassocinc.com
Kasandra,Semidey,http://www.cantron.com
Xochitl,Discipio,http://www.ravaalenterprisesinc.com
Maile,Linahan,http://www.thompsonsteelcompanyinc.com
Krissy,Rauser,http://www.andersonmarkaesq.com
Pete,Dubaldi,http://www.womackgalich.com
Linn,Paa,http://www.valeriecompany.com
Paris,Wide,http://www.gehringpumpsinc.com
Wynell,Dorshorst,http://www.haehnelcraigwesq.com
Quentin,Birkner,http://www.spoorbehrinscampbellyoung.com
Regenia,Kannady,http://www.kenjeterstoreequipmentinc.com
Sheron,Louissant,http://www.potterbrendajcpa.com
Izetta,Funnell,http://www.bairdkurtzdobson.com
Rodolfo,Butzen,http://www.minorcynthiaaesq.com
Zona,Colla,http://www.soloverobertaesq.com
Serina,Zagen,http://www.markiiimportsinc.com
Paz,Sahagun,http://www.whitesigndivctrlequipco.com
Markus,Lukasik,http://www.mmstorefixturescoinc.com
Jaclyn,Bachman,http://www.judahcasterwheelco.com
Cyril,Daufeldt,http://www.galaxyinternationalinc.com
Gayla,Schnitzler,http://www.sigmacorpofamerica.com
Erick,Nievas,http://www.sowardanneesq.com
Jennie,Drymon,http://www.osbornemichellemesq.com
Mitsue,Scipione,http://www.studentsinfreeentrprsnatl.com
Ciara,Ventura,http://www.johnsonrobertmesq.com
Galen,Cantres,http://www.delcharroapartments.com
Truman,Feichtner,http://www.legalsearchinc.com
Gail,Kitty,http://www.servicesupplycoinc.com
Dalene,Schoeneck,http://www.sameshimadouglasjesq.com
Gertude,Witten,http://www.thompsonjohnrandolphjr.com
Lizbeth,Kohl,http://www.etbalancingcoinc.com
Glenn,Berray,http://www.griswoldjohneesq.com
Lashandra,Klang,http://www.acquagroup.com
Lenna,Newville,http://www.brooksmorrisjjr.com
Laurel,Pagliuca,http://www.printingimagescorp.com
Mireya,Frerking,http://www.robertssupplycoinc.com
Annelle,Tagala,http://www.vicoproductsmfgco.com
Dean,Ketelsen,http://www.jmcustomdesignmillwork.com
Levi,Munis,http://www.farrelljohnsonofficeequip.com
Sylvie,Ryser,http://www.millersmarketdeli.com
Sharee,Maile,http://www.holidayinnnaperville.com
Cordelia,Storment,http://www.burrowsjonhesq.com
Mollie,Mcdoniel,http://www.docksealspecialty.com
Brett,Mccullan,http://www.fivestarlimousinesoftxinc.com
Teddy,Pedrozo,http://www.barkannealjesq.com
Tasia,Andreason,http://www.campbellroberta.com
Hubert,Walthall,http://www.deedeanna.com
Arthur,Farrow,http://www.youngtimothylesq.com
Vilma,Berlanga,http://www.wellsdfredesq.com
Billye,Miro,http://www.grayfrancinehesq.com
Glenna,Slayton,http://www.toledoivcare.com
Mitzie,Hudnall,http://www.cangrotransmissionco.com
Bernardine,Rodefer,http://www.satpolyinc.com
Staci,Schmaltz,http://www.midwestcontractingmfginc.com
Nichelle,Meteer,http://www.printdoctor.com
Janine,Rhoden,http://www.nordicgroupinc.com
Ettie,Hoopengardner,http://www.jacksonmillworkco.com
Eden,Jayson,http://www.harriscorporation.com
Lynelle,Auber,http://www.unitedcerebralpalsyofnepa.com
Merissa,Tomblin,http://www.onedaysurgerycenterinc.com
Golda,Kaniecki,http://www.calaverasprospect.com
Catarina,Gleich,http://www.terkroberteesq.com
Virgie,Kiel,http://www.cullenterrencepesq.com
Jolene,Ostolaza,http://www.centraldiecastingmfgcoinc.com
Keneth,Borgman,http://www.centerlineengineering.com
Rikki,Nayar,http://www.targankievitpa.com
Elke,Sengbusch,http://www.rileyriperhollincolagreco.com
Hoa,Sarao,http://www.kaplanjoelsesq.com
Trinidad,Mcrae,http://www.wateroffice.com
Mari,Lueckenbach,http://www.westbrooksnelsonejr.com
Selma,Husser,http://www.armoncommunications.com
Antione,Onofrio,http://www.jacobsgerberinc.com
Luisa,Jurney,http://www.forestfirelaboratory.com
Clorinda,Heimann,http://www.haugheycharlesjr.com
Dick,Wenzinger,http://www.wheatonplasticproducts.com
Ahmed,Angalich,http://www.reeseplastics.com
Iluminada,Ohms,http://www.nazettemarnergoodwendt.com
Joanna,Leinenbach,http://www.levinsonaxelrodwheaton.com
Caprice,Suell,http://www.egnorwdanesq.com
Stephane,Myricks,http://www.portlandcentralthriftlodge.com
Quentin,Swayze,http://www.ulbrichtrucking.com
Annmarie,Castros,http://www.tipiakinc.com
Shonda,Greenbush,http://www.saintgeorgewelldrilling.com
Cecil,Lapage,http://www.hawkesdouglasd.com
Jeanice,Claucherty,http://www.accurelsystemsintrntlcorp.com
Josphine,Villanueva,http://www.santacruzcommunityinternet.com
Daniel,Perruzza,http://www.gershdanielson.com
Cassi,Wildfong,http://www.cobbjamesoesq.com
Britt,Galam,http://www.wheatleytruckingcompany.com
Adell,Lipkin,http://www.systemsgraphincabdickdlr.com
Jacqueline,Rowling,http://www.johnhancockmutllifeinsco.com
Lonny,Weglarz,http://www.historydivisionofstate.com
Lonna,Diestel,http://www.dimmockthomasjesq.com
Cristal,Samara,http://www.intermedinc.com
Kenneth,Grenet,http://www.bankofnewyork.com
Elli,Mclaird,http://www.sportmasterintrnatl.com
Alline,Jeanty,http://www.wwjohnholdeninc.com
Sharika,Eanes,http://www.maccanidelp.com
Nu,Mcnease,http://www.amazoniafilmproject.com
Daniela,Comnick,http://www.watersewerdepartment.com
Cecilia,Colaizzo,http://www.switchcraftinc.com
Leslie,Threets,http://www.cwdcmetalfabricators.com
Nan,Koppinger,http://www.shimotanigracet.com
Izetta,Dewar,http://www.lisatonijeanesq.com
Tegan,Arceo,http://www.ceramictilesalesinc.com
Ruthann,Keener,http://www.maidencraftinc.com
Joni,Breland,http://www.carriagehousecllsnrprinc.com
Vi,Rentfro,http://www.videoworkshop.com
Colette,Kardas,http://www.fresnotilecenterinc.com
Malcolm,Tromblay,http://www.versatilesashwoodwork.com
Ryan,Harnos,http://www.warnerelectricbrkcltchco.com
Jess,Chaffins,http://www.newyorkpubliclibrary.com
Sharen,Bourbon,http://www.mccalebjohnaesq.com
Nickolas,Juvera,http://www.unitedoilcoinc.com
Gary,Nunlee,http://www.irvingfootcenter.com
Diane,Devreese,http://www.acmesupplyco.com
Roslyn,Chavous,http://www.mcraejamesl.com
Glory,Schieler,http://www.mcgrathsseafood.com
Rasheeda,Sayaphon,http://www.kummererjmichaelesq.com
Alpha,Palaia,http://www.stofferjamesmjr.com
Refugia,Jacobos,http://www.northcentralflsftycncl.com
Shawnda,Yori,http://www.fioruccifoodsusainc.com
Mona,Delasancha,http://www.signall.com
Gilma,Liukko,http://www.sammyssteakden.com
Janey,Gabisi,http://www.dobschastephenfesq.com
Lili,Paskin,http://www.morgancustomhomes.com
Loren,Asar,http://www.olsenpaynecompany.com
Dorothy,Chesterfield,http://www.cowankelly.com
Gail,Similton,http://www.johnsonwesesq.com
Catalina,Tillotson,http://www.icnpharmaceuticalsinc.com
Lawrence,Lorens,http://www.newenglandsecequipcoinc.com
Carlee,Boulter,http://www.tippetttroymii.com
Thaddeus,Ankeny,http://www.atccontracting.com
Jovita,Oles,http://www.paganophilipgesq.com
Alesia,Hixenbaugh,http://www.kwikprint.com
Lai,Harabedian,http://www.buergimaddenscale.com
Brittni,Gillaspie,http://www.innerlabel.com
Raylene,Kampa,http://www.hermarinc.com
Flo,Bookamer,http://www.simontonhoweschneiderpc.com
Jani,Biddy,http://www.warehouseofficepaperprod.com
Chauncey,Motley,http://www.affiliatedwithtravelodge.com
Francoise,Rautenstrauch,
Kendra,Loud,
Lourdes,Bauswell,
Hannah,Edmison,
Tom,Loeza,
Queenie,Kramarczyk,
Hui,Portaro,
Josefa,Opitz,
Lea,Steinhaus,
Paola,Vielma,
Hortencia,Bresser,
Leanna,Tijerina,
Danilo,Pride,
Huey,Marcille,
Apolonia,Warne,
Chandra,Lagos,
Crissy,Pacholec,
Gianna,Branin,
Valentin,Billa,
Ilona,Dudash,
Willard,Lablanc,
Lauryn,Randol,
Laurena,Begin,
Elise,Michelle,
Corrie,Kardell,
Kimberely,Rabuse,
Tish,Violett,
Hollis,Stanfield,
Andree,Christmann,
Lyla,Fucillo,
Felton,Yafuso,
Dell,Polino,
Nohemi,Leko,
Tambra,Lembke,
Vicki,Maikoksoong,
Renato,Airhart,
Lenita,Darbro,
Barney,Hagen,
Matthew,Armacost,
Belen,Nelton,
Iesha,Wardle,
Francesco,Sarchet,
Paulene,Rhule,
Carole,Hughlett,
Miss,Dunning,
Elfrieda,Hinsch,
Edelmira,Calzado,
Jaime,Wasurick,
Lera,Hua,
Jame,Mastro,
Jillian,Hailstone,
Louis,Zarling,
Emmett,Mcshaw,
Tammy,Sams,
Willis,Wylie,
Maxima,Brzozowski,
Boris,Latif,
Salina,Knavel,
Justa,Dini,
Amalia,Wolfgang,
Felix,Tutterrow,
Eura,Mcglocklin,
Lang,Heuring,
Agustin,Lakatos,
Jaime,Lowrance,
Carman,Gudiel,
Argelia,Hofbauer,
Mammie,Cisney,
Rashad,Menino,
Janna,Bastain,
Callie,Neikirk,
Coral,Helmcamp,
Xenia,Mushero,
Adelle,Nitcher,
Hildegarde,Wehrwein,
Phuong,Sugai,
Leontine,Lafoy,
Darell,Mcalarney,
Madonna,Landman,
Chuck,Berggren,
Gregg,Epperheimer,
Yan,Bubrig,
Stephanie,Garlett,
Alberto,Stenquist,
Wayne,Shivers,
Kristal,Bothe,
Florencia,Stadel,
Darrin,Tumolillo,
Freeman,Rudig,
Lazaro,Mollison,
Ellsworth,Rieg,
Brinda,Mrkvicka,
Florinda,Mackedanz,
Nadine,Swartzbeck,
Arlette,Torchio,
Adolph,Krivanec,
Georgiana,Colbath,
Rana,Lehn,
Chi,Morgan,
Starr,Prothro,
Glennis,Roseum,
Thea,Petermeier,
Rosalind,Persechino,
Shenika,Tapian,
Veta,Vandeberg,
Herschel,Geneseo,
Dianne,Tomasic,
Micah,Gerten,
Kaycee,Alaibilla,
Tesha,Brang,
Marya,Chhour,
Ronnie,Kettelle,
Mabel,Fower,
Harley,Works,
Joye,Nedman,
Luisa,Harnish,
Stacey,Lortz,
Reyes,Mesmer,
Avery,Demus,
Colby,Scotts,
Afton,Wrinkle,
India,Sifford,
Brunilda,Coin,
Jenifer,Emanuel,
Makeda,Nosis,
Vivan,Oppy,
Eric,Gazzola,
Thersa,Davirro,
Mindy,Presnal,
Luis,Metzner,
Dawne,Mcloud,
Karrie,Kinikini,
Mozelle,Hermon,
Mila,Hair,
Gilma,Jefferys,
Armanda,Mcduffie,
Vonda,Normandeau,
Truman,Mondale,
Elvis,Tenuta,
Loise,Dedaj,
Jannette,Pedder,
Margo,Rand,
Dahlia,Benett,
Dominga,Mckeon,
Hollis,Keomuangtai,
Carry,Ziller,
Bong,Fears,
Yolande,Staiano,
Lottie,Hegdahl,
Jose,Kylish,
Tuyet,Abramovitz,
Pearline,Provenzano,
Robt,Hankison,
Shawnee,Kesten,
Lacresha,Quinones,
Basilia,Vinroe,
Aleisha,Areizaga,
Frank,Tryninewski,
Ria,Steinhorst,
Carla,Kallenberger,
Lashanda,Skahan,
Jarod,Catalina,
Leoma,Rabago,
Yasuko,Greeves,
Jimmie,Snelling,
Titus,Dugre,
Joanne,Teoh,
Suzi,Groom,
Denny,Amazan,
Willie,Coughlan,
Margurite,Brake,
Arlen,Romack,
Shaniqua,Corna,
William,Boccard,
Silva,Riviere,
Gearldine,Haberle,
Azalee,Aja,
Kimbery,Plikerd,
Ricarda,Kratt,
Macy,Massay,
Carol,Normington,
Blythe,Czaplinski,
Tanesha,Tesseneer,
Yaeko,Orndoff,
Broderick,Lorenz,
Twila,Shadle,
Sarina,Pead,
Candra,Peets,
Von,Aprigliano,
Natalya,Verso,
Stanton,Rigazio,
Dona,Larner,
Cortney,Choice,
Ira,Betterton,
Vanna,Pickle,
Bo,Sabota,
Nathalie,Corners,
Rodney,Lockamy,
Elena,Hairr,
Blossom,Kraatz,
Loreen,Griepentrog,
Tayna,Keirnan,
Nieves,Planty,
Glenn,Robinault,
Julianna,Racer,
Ashton,Nitchals,
Shaun,Scovil,
Long,Shintaku,
Vinnie,Meir,
Lucia,Flipp,
Corazon,Ivaska,
Jaime,Perugini,
Miriam,Stakes,
Vallie,Nigl,
Sheldon,Isachsen,
Nickie,Balonek,
Fletcher,Caneles,
Rutha,Eisert,
Brandon,Geigel,
Franchesca,Lamme,
Lorriane,Naddeo,
Asuncion,Berson,
Georgiann,Hoerter,
Hershel,Bultron,
Chu,Collopy,
Bettina,Vosmus,
Lynsey,Sport,
Phil,Kuechler,
Cordelia,Nicks,
Georgeanna,Marrano,
Rosendo,Lanter,
Jerilyn,Norcia,
Elfriede,Bakeley,
Harris,Sheck,
Leonor,Beilinson,
Terrilyn,Waska,
Maddie,Foulds,
Melynda,Anstead,
Odette,Thigpen,
Steffanie,Meinen,
Antonette,Stimac,
Thora,Daneker,
Nada,Massanet,
Ivette,Dills,
Devon,Delacerda,
Lon,Tibbles,
Tennie,Santanna,
Fidelia,Vilven,
Michal,Gunyan,
Enola,Yandow,
Meghann,Mamudoski,
Latanya,Mattia,
Chandra,Firlik,
Barney,Dewer,
Ocie,Chreene,
Precious,Dubray,
Sanda,Laramie,
Gaynell,Benavente,
Bethanie,Cutsforth,
Yvette,Capiga,
Alana,Blackmon,
Lakeesha,Beachel,
Ailene,Friedman,
Valene,Madson,
Floyd,Bub,
Josue,Hatherly,
Johnathon,Wadden,
Kenneth,Drizin,
Leila,Titzer,
Marquetta,Quinlisk,
Annamae,Beliles,
An,Dosal,
Karina,Cortesi,
Otis,Luong,
Brendan,Kasperek,
Keith,Evartt,
Paulina,Arand,
Cherelle,Welschmeyer,
Percy,Neelon,
Margot,Storrs,
Paris,Bellis,
Sina,Masiejczyk,
Kimi,Selfe,
Chun,Richrdson,
Lelia,Thiemann,
Cordell,Zinda,
Dorothy,Aitken,
Chauncey,Mcelreath,
Tenesha,Stropko,
Anjelica,Lovero,
Olga,Adessa,
Monte,Tindal,
Pamela,Mccoskey,
Toshia,Lippoldt,
Polly,Sandusky,
Judy,Boerboom,
Celestine,Pritt,
Murray,Fode,
Shoshana,Courter,
Glendora,Pezley,
Carlene,Kana,
Adria,Gilliam,
Paola,Perkins,
Elina,Maury,
Emile,Dorio,
Zoila,Lannigan,
Yong,Yestramski,
Leontine,Stalma,
Troy,Dicus,
Annamaria,Vanhuss,
Dorothea,Lowther,
Marion,Letran,
Avery,Masso,
Trinidad,Bredernitz,
Herminia,Penso,
Val,Bigaud,
Renay,Oviedo,
Buck,Kotow,
Toi,Rollison,
Shanice,Pennel,
Oliva,Ramerez,
Tamera,Crocker,
Melvin,Rather,
Essie,Fitzke,
Shay,Knieper,
Ruby,Sensibaugh,
Caren,Doscher,
Frank,Amend,
Lasandra,Frisinger,
Sommer,Frere,
Gretchen,Mckeon,
Providencia,Marien,
Lindsey,Arnoldi,
Romana,Riesgraf,
Nobuko,Logwood,
Shawnna,Arredondo,
Doyle,Hathcox,
Jacinta,Deppen,
Tawanna,Kuamoo,
Christa,Cloutier,
Noe,Kotz,
Ellen,Fajen,
Tequila,Pelletier,
Tawny,Bonventre,
Rosalyn,Mcspedon,
Noble,Miyata,
Lucille,Hubbell,
Azzie,Tuazon,
Darci,Arau,
King,Suman,
Denny,Zeanah,
Anissa,Frayer,
Rosann,Heinricher,
Jeannine,Rippy,
Lashaun,Casteneda,
Miesha,Walen,
Marva,Kountz,
Dion,Lamastus,
Hassie,Sarkin,
Jin,Perry,
Demetra,Peth,
Irene,Benauides,
Colton,Pesqueira,
William,Cilento,
Shannan,Cupit,
Shelba,Kast,
Dorcas,Diebold,
Rochell,Wetherby,
Amber,Windell,
Stefanie,Prinkey,
Kenia,Sharples,
Jacquline,Libbey,
Lavina,Michelet,
Billi,Kazar,
Aron,Leuthold,
Annice,Tartar,
Hyun,Zarazua,
Shala,Ogle,
Shasta,Canonico,
Wenona,Braseth,
Marla,Gallati,
Myra,Palenik,
Lawanda,Jacocks,
Curt,Kohlman,
Susy,Finstad,
Kathrine,Kaper,
Oneida,Pospishil,
Allene,Perera,
Leonardo,Leahman,
Nakisha,Russi,
Stephanie,Rolling,
Florinda,Haycock,
Merri,Geberth,
Malcom,Vereen,
Louvenia,Abney,
Alita,Borlace,
Noemi,Ill,
Nydia,Ancar,
Hana,Meisel,
Noel,Marrazzo,
Brice,Rowe,
Nguyet,Kitchens,
Janae,Mair,
Darrel,Makley,
Genevieve,Milionis,
Giovanna,Bacho,
Shelton,Spannuth,
Alison,Mahlum,
Maynard,Zufall,
Timothy,Bussert,
Viola,Eddens,
Luann,Michon,
Mable,Goerke,
Sabine,Kaea,
Dolores,Moltz,
Hannah,Suero,
Sonia,Blan,
Cletus,Stapels,
Asha,Zoldak,
Verlene,Billow,
Yesenia,Giglio,
Tayna,Sine,
Verona,Jobst,
Denae,Eggers,
Rikki,Montalgo,
Nan,Weekly,
Sherell,Despain,
Coral,Brennick,
Phyliss,Huelse,
Jesse,Wida,
Latonia,Helander,
Aimee,Clozza,
Marcelle,Staie,
Ilda,Schuring,
Aileen,Klukken,
Davida,Zeng,
Beata,Rubarts,
Angelyn,Wieand,
Claudio,Hummell,
Krystal,Twyman,
Adela,Echegoyen,
Ryan,Phibbs,
Edmond,Buettner,
Catina,Emmert,
Milly,Pattengale,
Jules,Erichsen,
Denna,Miklitz,
Willetta,Cesa,
Johna,Magathan,
Ollie,Oliverson,
Sherly,Vitrano,
Kindra,Dishong,
Vanda,Tentler,
Marshall,Fitgerald,
Kelvin,Hasha,
Darrin,Mathiasen,
Susana,Mccarley,
Wilson,Nickelson,
Malissa,Talty,
Tandra,Castillanos,
Lorean,Sammon,
Desirae,Oien,
Delsie,Cerao,
Mabel,Elmquist,
Marnie,Purslow,
Rene,Granier,
Trevor,Harnist,
Sharmaine,Batdorf,
Ricki,Traux,
Bernadine,Shufelt,
Shad,Reider,
Kenneth,Degennaro,
Marleen,Hennon,
Joaquin,Geitner,
Slyvia,Stockham,
Kris,Bala,
Gussie,Diflorio,
Lavelle,Lillywhite,
Bev,Dermo,
Bette,Digiovanni,
Lajuana,Mccloud,
Shakira,Westervelt,
Matt,Nickolich,
Clemencia,Momplaisir,
Oliva,Ambert,
Ranee,Maye,
Ming,Eskew,
Annice,Peckens,
Effie,Frymark,
Maricela,Conger,
Esteban,Plantenberg,
Doretha,Wykle,
Dorsey,Neitzke,
Amie,Okuniewski,
Bulah,Berkoff,
Erin,Delbosque,
Kassandra,Marushia,
Leslee,Matsuno,
Daniel,Dobler,
Antonio,Unruh,
